{"stats":{"minecraft:custom":{"minecraft:interact_with_crafting_table":184,"minecraft:open_barrel":10,"minecraft:leave_game":12,"minecraft:time_since_death":273172,"minecraft:sprint_one_cm":1774448,"minecraft:damage_blocked_by_shield":2530,"minecraft:drop":309,"minecraft:talked_to_villager":1,"minecraft:play_time":1161595,"minecraft:deaths":26,"tombstone:tomb_raiding":1,"minecraft:jump":8281,"minecraft:walk_on_water_one_cm":89830,"minecraft:interact_with_furnace":146,"minecraft:sleep_in_bed":12,"minecraft:waystone_activated":4,"tombstone:sneak_grave":1,"minecraft:damage_dealt":32525,"minecraft:player_kills":1,"minecraft:crouch_one_cm":142692,"tombstone:undead_killed":86,"minecraft:horse_one_cm":92654,"minecraft:mob_kills":213,"minecraft:climb_one_cm":2574,"minecraft:walk_one_cm":2598107,"minecraft:damage_dealt_absorbed":61,"minecraft:sneak_time":62104,"minecraft:walk_under_water_one_cm":43420,"minecraft:boat_one_cm":312072,"minecraft:interact_with_lectern":1,"minecraft:total_world_time":1161595,"tombstone:raider_killed":10,"minecraft:time_since_rest":250258,"minecraft:damage_taken":18515,"minecraft:damage_absorbed":40,"minecraft:swim_one_cm":90626,"minecraft:fly_one_cm":850875,"minecraft:open_chest":96,"minecraft:fall_one_cm":209114},"minecraft:used":{"sophisticatedbackpacks:copper_backpack":7,"minecraft:chest":13,"minecraft:shield":125,"minecraft:stone":2,"minecraft:iron_sword":749,"minecraft:rotten_flesh":36,"minecraft:iron_chestplate":1,"minecraft:tuff":31,"minecraft:birch_sapling":1,"minecraft:iron_helmet":1,"minecraft:stone_brick_stairs":87,"minecraft:stone_bricks":8,"minecraft:furnace":9,"minecraft:diorite":81,"minecraft:oak_planks":658,"minecraft:stone_pickaxe":647,"minecraft:wooden_pickaxe":5,"minecraft:sandstone":11,"minecraft:golden_apple":2,"minecraft:glow_berries":3,"minecraft:sand":1,"minecraft:shears":25,"waystones:waystone":2,"minecraft:bread":59,"minecraft:diamond_sword":244,"minecraft:wooden_sword":5,"minecraft:birch_log":3,"minecraft:oak_boat":2,"minecraft:chest_minecart":1,"minecraft:bone_meal":18,"minecraft:oak_fence":41,"sophisticatedbackpacks:iron_backpack":2,"minecraft:stone_sword":398,"minecraft:stone_shovel":688,"minecraft:cooked_salmon":1,"minecraft:cooked_chicken":11,"minecraft:stone_hoe":69,"minecraft:oak_door":2,"minecraft:torch":275,"minecraft:dirt":1338,"minecraft:iron_hoe":2,"minecraft:stone_brick_slab":3,"minecraft:wooden_axe":2,"minecraft:iron_axe":5,"minecraft:oak_stairs":278,"minecraft:iron_boots":2,"securitycraft:dirt_mine":1,"minecraft:goat_horn":8,"tombstone:gift":10,"minecraft:cooked_beef":20,"minecraft:cobbled_deepslate":82,"minecraft:iron_leggings":1,"sophisticatedbackpacks:gold_backpack":1,"securitycraft:stone_mine":1,"minecraft:cooked_mutton":26,"minecraft:wheat_seeds":186,"minecraft:water_bucket":8,"minecraft:birch_planks":515,"minecraft:baked_potato":22,"minecraft:oak_slab":103,"minecraft:tnt":1,"minecraft:crafting_table":22,"minecraft:white_bed":10,"securitycraft:furnace_mine":1,"minecraft:oak_log":96,"minecraft:black_wool":1,"minecraft:diamond_pickaxe":936,"minecraft:apple":7,"minecraft:iron_pickaxe":520,"minecraft:stone_axe":1047,"minecraft:cobblestone":169,"minecraft:cooked_porkchop":42,"minecraft:bucket":9,"minecraft:glass_pane":94,"minecraft:stripped_oak_log":26,"irons_spellbooks:inscription_table":1},"minecraft:killed":{"minecraft:cave_spider":12,"minecraft:spider":14,"minecraft:skeleton":16,"minecraft:chicken":13,"minecraft:silverfish":1,"minecraft:wolf":1,"minecraft:pig":27,"minecraft:zombie_villager":2,"minecraft:sheep":26,"minecraft:trader_llama":2,"minecraft:pillager":10,"minecraft:zombie":67,"minecraft:cow":10,"minecraft:vex":1,"minecraft:drowned":1,"minecraft:squid":1},"minecraft:picked_up":{"irons_spellbooks:scroll":3,"minecraft:iron_chestplate":1,"waystones:warp_stone":1,"minecraft:wheat":114,"irons_spellbooks:rotten_spell_book":1,"minecraft:lead":2,"minecraft:oak_stairs":73,"minecraft:stone_brick_stairs":8,"tombstone:grave_key":1,"minecraft:amethyst_block":50,"minecraft:string":160,"minecraft:raw_copper":116,"minecraft:iron_leggings":1,"minecraft:armor_stand":2,"paraglider:deku_leaf":1,"minecraft:activator_rail":2,"irons_spellbooks:arcane_essence":2,"minecraft:cobbled_deepslate":268,"minecraft:written_book":1,"minecraft:calcite":46,"irons_spellbooks:inscription_table":3,"minecraft:furnace":7,"minecraft:iron_boots":2,"minecraft:stick":41,"minecraft:oak_fence":6,"minecraft:torch":57,"minecraft:porkchop":54,"tombstone:grave_dust":23,"minecraft:diorite":105,"minecraft:black_dye":7,"minecraft:stone_sword":3,"minecraft:rotten_flesh":88,"minecraft:cobblestone":952,"paraglider:paraglider":1,"minecraft:birch_log":153,"minecraft:cooked_beef":9,"minecraft:feather":10,"minecraft:lilac":1,"minecraft:andesite":8,"minecraft:potato":17,"paraglider:spirit_orb":14,"minecraft:tuff":43,"minecraft:lapis_lazuli":48,"minecraft:stripped_birch_log":2,"minecraft:dirt":1233,"minecraft:disc_fragment_5":3,"minecraft:bone":17,"minecraft:bow":3,"minecraft:wheat_seeds":329,"minecraft:raw_gold":54,"minecraft:oak_planks":166,"minecraft:cooked_porkchop":23,"minecraft:sand":149,"sophisticatedbackpacks:iron_backpack":3,"minecraft:bundle":2,"minecraft:diamond":36,"waystones:waystone":2,"minecraft:crossbow":3,"minecraft:granite":15,"minecraft:golden_apple":1,"minecraft:emerald":2,"minecraft:bread":15,"minecraft:oak_sapling":89,"minecraft:oak_leaves":3,"minecraft:diamond_pickaxe":1,"sophisticatedbackpacks:gold_backpack":1,"minecraft:crafting_table":17,"minecraft:chicken":13,"minecraft:chest_minecart":1,"minecraft:cornflower":4,"minecraft:wooden_sword":1,"minecraft:beef":22,"minecraft:oak_boat":3,"immersive_armors:wooden_leggings":2,"minecraft:poppy":12,"minecraft:chest":3,"minecraft:lectern":1,"minecraft:sugar_cane":4,"minecraft:birch_sapling":37,"minecraft:egg":2,"minecraft:raw_iron":116,"minecraft:sandstone":101,"minecraft:stone":54,"minecraft:copper_ingot":4,"sophisticatedbackpacks:backpack":2,"origins:orb_of_origin":2,"minecraft:redstone":117,"minecraft:iron_horse_armor":1,"irons_spellbooks:evocation_rune":1,"immersive_armors:wooden_helmet":2,"minecraft:arrow":19,"minecraft:peony":15,"minecraft:saddle":1,"sophisticatedbackpacks:copper_backpack":9,"minecraft:glow_berries":3,"minecraft:mutton":46,"irons_spellbooks:ancient_knowledge_fragment":1,"minecraft:rail":9,"minecraft:white_wool":59,"minecraft:stripped_oak_log":29,"minecraft:glow_ink_sac":7,"minecraft:salmon":1,"minecraft:leather":35,"minecraft:filled_map":1,"minecraft:birch_planks":61,"minecraft:oak_log":417,"minecraft:golden_boots":1,"minecraft:gunpowder":6,"minecraft:white_banner":5,"tombstone:gift":1,"minecraft:apple":12,"minecraft:iron_ingot":88,"minecraft:stone_pickaxe":3,"tombstone:bag_of_seeds":1,"sophisticatedbackpacks:smelting_upgrade":1,"minecraft:iron_sword":3,"minecraft:book":42,"minecraft:oak_slab":13,"minecraft:dark_oak_slab":1,"minecraft:smooth_basalt":1,"minecraft:dandelion":1,"minecraft:gravel":8,"minecraft:amethyst_shard":8,"minecraft:white_bed":9,"minecraft:spider_eye":37,"minecraft:leather_helmet":1,"minecraft:pumpkin_seeds":4,"minecraft:gray_wool":2,"minecraft:baked_potato":6,"tombstone:magic_scroll":2,"minecraft:melon_seeds":1,"minecraft:black_wool":6,"minecraft:coal":504,"minecraft:ender_pearl":4},"minecraft:broken":{"minecraft:stone_pickaxe":3,"minecraft:stone_axe":8,"minecraft:iron_sword":3,"minecraft:stone_shovel":5,"minecraft:stone_sword":2,"minecraft:iron_pickaxe":2,"minecraft:iron_helmet":1},"minecraft:dropped":{"sophisticatedbackpacks:iron_backpack":3,"sophisticatedbackpacks:upgrade_base":1,"minecraft:iron_sword":4,"minecraft:birch_planks":3,"minecraft:lapis_lazuli":16,"minecraft:cooked_beef":4,"minecraft:oak_log":1,"minecraft:glow_ink_sac":2,"minecraft:diamond":3,"minecraft:cooked_porkchop":1,"minecraft:crossbow":1,"minecraft:leather":12,"minecraft:dirt":2,"immersive_armors:wooden_leggings":1,"irons_spellbooks:arcane_essence":1,"minecraft:wooden_sword":2,"minecraft:white_wool":3,"minecraft:gold_ingot":2,"minecraft:bone":2,"minecraft:gravel":1,"minecraft:goat_horn":1,"minecraft:cobbled_deepslate":16,"minecraft:birch_sapling":4,"minecraft:rotten_flesh":32,"minecraft:oak_planks":65,"irons_spellbooks:inscription_table":2,"waystones:warp_stone":1,"paraglider:deku_leaf":3,"minecraft:poppy":1,"minecraft:arrow":4,"minecraft:beef":1,"minecraft:oak_leaves":1,"minecraft:enchanted_book":1,"minecraft:iron_ingot":3,"minecraft:bread":2,"minecraft:oak_slab":51,"minecraft:black_dye":2,"minecraft:wheat_seeds":85,"minecraft:iron_helmet":1,"minecraft:feather":1,"minecraft:cobblestone":208,"minecraft:granite":11,"minecraft:copper_ingot":67,"minecraft:disc_fragment_5":3,"irons_spellbooks:ancient_knowledge_fragment":1,"minecraft:coal":19,"minecraft:golden_apple":1,"minecraft:gray_wool":1,"minecraft:diorite":4,"tombstone:magic_scroll":1,"tombstone:grave_key":1,"minecraft:wooden_axe":1,"minecraft:iron_leggings":2,"minecraft:oak_stairs":72,"minecraft:iron_axe":1,"minecraft:string":10,"minecraft:redstone":82,"minecraft:dandelion":1,"minecraft:smooth_basalt":1,"minecraft:furnace":1,"minecraft:stone_sword":4,"minecraft:iron_boots":3,"sophisticatedbackpacks:backpack":1,"minecraft:filled_map":2,"minecraft:shield":1,"minecraft:bundle":1,"minecraft:diamond_pickaxe":1,"minecraft:iron_chestplate":1,"minecraft:andesite":1,"minecraft:oak_sapling":2,"minecraft:spider_eye":13,"sophisticatedbackpacks:copper_backpack":1,"minecraft:bow":1,"minecraft:stone_pickaxe":4,"minecraft:wooden_pickaxe":1,"immersive_armors:wooden_helmet":1,"minecraft:black_wool":5},"minecraft:crafted":{"securitycraft:mine":3,"minecraft:oak_planks":1286,"minecraft:cooked_chicken":7,"minecraft:stone":166,"paraglider:deku_leaf":3,"minecraft:cooked_mutton":23,"minecraft:glass":41,"minecraft:stone_brick_slab":24,"minecraft:diamond_helmet":1,"minecraft:diamond_leggings":1,"minecraft:iron_boots":1,"sophisticatedbackpacks:copper_backpack":6,"minecraft:chest":11,"minecraft:stone_hoe":1,"minecraft:stone_bricks":152,"minecraft:oak_fence":41,"minecraft:oak_slab":150,"sophisticatedbackpacks:backpack":1,"minecraft:cooked_porkchop":33,"minecraft:crafting_table":7,"minecraft:iron_helmet":1,"minecraft:baked_potato":16,"minecraft:wooden_pickaxe":1,"minecraft:copper_ingot":17,"waystones:warp_stone":1,"minecraft:birch_planks":498,"sophisticatedbackpacks:upgrade_base":1,"minecraft:stone_brick_stairs":88,"minecraft:iron_chestplate":1,"minecraft:diamond_pickaxe":1,"minecraft:shield":1,"minecraft:stick":202,"minecraft:iron_ingot":94,"minecraft:iron_pickaxe":3,"minecraft:stone_sword":5,"minecraft:gold_ingot":54,"minecraft:shears":1,"irons_spellbooks:arcane_ingot":1,"minecraft:wooden_sword":1,"minecraft:oak_door":3,"securitycraft:furnace_mine":1,"minecraft:stone_shovel":6,"minecraft:furnace":4,"minecraft:bone_meal":18,"minecraft:pink_dye":2,"minecraft:glass_pane":96,"minecraft:stone_stairs":8,"minecraft:iron_axe":1,"minecraft:iron_hoe":1,"minecraft:stone_pickaxe":4,"minecraft:diamond_boots":1,"sophisticatedbackpacks:iron_backpack":6,"minecraft:cooked_beef":14,"paraglider:paraglider":2,"minecraft:red_dye":11,"minecraft:diamond_sword":1,"minecraft:iron_sword":4,"minecraft:cooked_salmon":1,"sophisticatedbackpacks:gold_backpack":2,"minecraft:bucket":1,"minecraft:stone_axe":8,"minecraft:bread":39,"securitycraft:dirt_mine":1,"minecraft:blue_dye":4,"minecraft:oak_boat":2,"minecraft:golden_apple":5,"minecraft:oak_stairs":252,"minecraft:wooden_axe":1,"minecraft:iron_leggings":1,"minecraft:white_bed":1,"securitycraft:stone_mine":1,"minecraft:torch":180,"minecraft:diamond_chestplate":1},"minecraft:mined":{"minecraft:white_bed":7,"minecraft:granite":12,"minecraft:budding_amethyst":3,"minecraft:grass_block":651,"sophisticatedbackpacks:iron_backpack":1,"minecraft:spawner":7,"minecraft:tall_seagrass":2,"minecraft:iron_ore":53,"minecraft:cobbled_deepslate":6,"minecraft:fire":24,"minecraft:deepslate_lapis_ore":6,"minecraft:oak_stairs":37,"sophisticatedbackpacks:copper_backpack":7,"minecraft:deepslate_redstone_ore":8,"minecraft:torch":29,"minecraft:calcite":56,"minecraft:poppy":12,"minecraft:chest":3,"minecraft:cobblestone":3,"minecraft:sugar_cane":2,"minecraft:oak_planks":167,"minecraft:wall_torch":25,"minecraft:amethyst_block":51,"minecraft:deepslate_copper_ore":1,"minecraft:birch_sapling":1,"minecraft:dark_oak_slab":1,"minecraft:birch_log":128,"minecraft:wheat":119,"minecraft:lilac":1,"minecraft:stone_brick_stairs":8,"minecraft:grass":73,"minecraft:oak_log":416,"minecraft:sand":147,"minecraft:dirt":445,"minecraft:smooth_basalt":1,"minecraft:oak_leaves":163,"minecraft:deepslate":268,"minecraft:tuff":50,"minecraft:deepslate_diamond_ore":32,"minecraft:stripped_birch_log":1,"minecraft:glow_lichen":2,"minecraft:sandstone":113,"minecraft:furnace":7,"minecraft:andesite":5,"minecraft:peony":5,"minecraft:bookshelf":14,"minecraft:potatoes":6,"minecraft:deepslate_iron_ore":56,"minecraft:rail":2,"minecraft:stripped_oak_log":29,"minecraft:stone":899,"minecraft:white_wool":20,"minecraft:oak_slab":11,"minecraft:glass_pane":1,"minecraft:dandelion":1,"minecraft:oak_fence":2,"minecraft:crafting_table":18,"minecraft:cornflower":4,"minecraft:emerald_ore":1,"minecraft:lectern":1,"minecraft:tall_grass":1,"minecraft:copper_ore":28,"minecraft:lapis_ore":1,"minecraft:deepslate_gold_ore":51,"minecraft:sculk":2,"minecraft:diorite":89,"minecraft:birch_planks":57,"minecraft:birch_leaves":10,"minecraft:black_wool":1,"minecraft:coal_ore":245,"minecraft:gravel":1,"minecraft:cobweb":131,"minecraft:gold_ore":3,"minecraft:infested_stone":3}},"DataVersion":3465}