{"stats":{"minecraft:broken":{"minecraft:stone_pickaxe":7,"minecraft:stone_axe":1,"minecraft:iron_sword":1,"minecraft:stone_shovel":4,"minecraft:iron_pickaxe":8,"minecraft:iron_helmet":1},"minecraft:custom":{"minecraft:interact_with_crafting_table":130,"minecraft:open_barrel":37,"minecraft:bell_ring":3,"minecraft:leave_game":25,"minecraft:time_since_death":724673,"minecraft:sprint_one_cm":3099032,"minecraft:damage_blocked_by_shield":1590,"minecraft:drop":557,"minecraft:talked_to_villager":2,"minecraft:play_time":1325290,"minecraft:deaths":7,"tombstone:tomb_raiding":1,"minecraft:jump":16942,"minecraft:walk_on_water_one_cm":164497,"minecraft:enchant_item":7,"minecraft:interact_with_furnace":121,"minecraft:sleep_in_bed":2,"minecraft:waystone_activated":4,"minecraft:damage_dealt":64253,"minecraft:player_kills":2,"minecraft:crouch_one_cm":74713,"tombstone:undead_killed":295,"minecraft:interact_with_smoker":9,"minecraft:interact_with_smithing_table":3,"minecraft:mob_kills":666,"minecraft:damage_dealt_resisted":14714,"minecraft:climb_one_cm":7705,"minecraft:walk_one_cm":1652893,"minecraft:damage_dealt_absorbed":429,"minecraft:sneak_time":38523,"minecraft:walk_under_water_one_cm":196228,"minecraft:boat_one_cm":1185981,"minecraft:interact_with_lectern":2,"minecraft:interact_with_blast_furnace":13,"minecraft:total_world_time":1325290,"tombstone:raider_killed":91,"minecraft:interact_with_grindstone":7,"minecraft:time_since_rest":235562,"minecraft:damage_taken":14496,"minecraft:swim_one_cm":691485,"minecraft:fly_one_cm":4989404,"minecraft:open_chest":104,"minecraft:fall_one_cm":487860},"minecraft:crafted":{"minecraft:black_dye":7,"securitycraft:mine":6,"minecraft:oak_planks":236,"minecraft:cobblestone_slab":64,"minecraft:cut_sandstone":40,"irons_spellbooks:iron_spell_book":1,"minecraft:birch_boat":2,"minecraft:cooked_chicken":5,"minecraft:chain":3,"minecraft:stone":9,"sophisticatedbackpacks:crafting_upgrade":1,"securitycraft:keypad_item":1,"minecraft:heavy_weighted_pressure_plate":1,"irons_spellbooks:alchemist_cauldron":1,"minecraft:cooked_mutton":40,"securitycraft:laser_block":1,"sophisticatedbackpacks:smelting_upgrade":2,"minecraft:glass":16,"minecraft:diamond_helmet":1,"minecraft:diamond_leggings":1,"minecraft:iron_boots":2,"minecraft:chest":5,"minecraft:oak_fence":3,"minecraft:smoker":1,"minecraft:glass_bottle":3,"minecraft:oak_slab":6,"sophisticatedbackpacks:backpack":2,"minecraft:cauldron":1,"minecraft:cooked_porkchop":5,"minecraft:crafting_table":11,"minecraft:wooden_pickaxe":1,"minecraft:iron_helmet":2,"minecraft:smithing_table":1,"waystones:warp_stone":1,"minecraft:birch_planks":72,"sophisticatedbackpacks:upgrade_base":2,"minecraft:iron_chestplate":2,"minecraft:paper":3,"minecraft:diamond_pickaxe":1,"minecraft:shield":1,"minecraft:stick":100,"minecraft:iron_ingot":487,"sophisticatedbackpacks:auto_smelting_upgrade":1,"minecraft:iron_pickaxe":13,"minecraft:gold_ingot":6,"minecraft:sandstone":120,"minecraft:redstone_torch":1,"minecraft:shears":2,"securitycraft:universal_block_reinforcer_lvl1":1,"minecraft:wooden_sword":1,"minecraft:oak_door":2,"securitycraft:furnace_mine":1,"minecraft:stone_shovel":4,"minecraft:iron_nugget":9,"securitycraft:remote_access_mine":1,"minecraft:furnace":5,"minecraft:stone_button":8,"minecraft:bone_meal":36,"minecraft:glass_pane":16,"minecraft:oak_trapdoor":2,"minecraft:flint_and_steel":1,"irons_spellbooks:scroll_forge":1,"minecraft:iron_axe":6,"securitycraft:universal_block_remover":1,"minecraft:stone_pickaxe":15,"minecraft:diamond_boots":1,"minecraft:redstone_block":1,"sophisticatedbackpacks:iron_backpack":2,"minecraft:wheat":153,"minecraft:cooked_beef":64,"minecraft:diamond_sword":1,"minecraft:enchanting_table":1,"minecraft:iron_sword":2,"sophisticatedbackpacks:gold_backpack":3,"minecraft:bucket":1,"minecraft:stone_axe":1,"securitycraft:cobblestone_mine":1,"minecraft:air":0,"securitycraft:dirt_mine":4,"minecraft:oak_boat":4,"minecraft:iron_leggings":2,"minecraft:white_bed":2,"irons_spellbooks:inscription_table":1,"minecraft:torch":48,"minecraft:diamond_chestplate":1},"minecraft:used":{"irons_spellbooks:inscription_table":3,"sophisticatedbackpacks:copper_backpack":1,"minecraft:diamond_hoe":24,"minecraft:chest":4,"minecraft:shield":46,"minecraft:iron_sword":379,"minecraft:stone":4,"paraglider:goddess_statue":2,"minecraft:mutton":8,"securitycraft:keypad_item":1,"minecraft:tuff":15,"minecraft:obsidian":28,"minecraft:snowball":4,"minecraft:milk_bucket":1,"minecraft:glass":1,"minecraft:lava_bucket":3,"minecraft:birch_sapling":4,"minecraft:written_book":5,"minecraft:oak_sapling":2,"minecraft:furnace":5,"securitycraft:laser_block":1,"minecraft:egg":3,"minecraft:potato":24,"minecraft:oak_planks":3,"minecraft:stone_pickaxe":965,"minecraft:wooden_pickaxe":8,"minecraft:sugar_cane":8,"minecraft:white_wool":6,"irons_spellbooks:keeper_spawn_egg":1,"minecraft:sand":1,"minecraft:blast_furnace":1,"minecraft:crossbow":1,"securitycraft:universal_block_remover":5,"minecraft:shears":10,"waystones:waystone":1,"minecraft:bread":79,"tombstone:grave_key":1,"minecraft:gravel":1,"securitycraft:mine":192,"minecraft:diamond_sword":448,"minecraft:wooden_sword":12,"tombstone:familiar_stone":1,"minecraft:grindstone":1,"minecraft:smithing_table":1,"minecraft:andesite":1,"minecraft:oak_trapdoor":2,"minecraft:oak_boat":15,"minecraft:bone_meal":36,"minecraft:flint_and_steel":7,"minecraft:enchanting_table":1,"sophisticatedbackpacks:iron_backpack":2,"securitycraft:keypad_chest":2,"minecraft:stone_shovel":524,"securitycraft:remote_access_mine":47,"minecraft:cooked_chicken":8,"minecraft:oak_door":2,"minecraft:torch":49,"minecraft:dirt":130,"minecraft:diamond_helmet":1,"minecraft:granite":22,"minecraft:bookshelf":31,"minecraft:iron_axe":431,"minecraft:light_gray_wool":1,"securitycraft:dirt_mine":4,"minecraft:goat_horn":2,"tombstone:gift":8,"minecraft:cooked_beef":83,"minecraft:pumpkin":2,"minecraft:cobbled_deepslate":53,"sophisticatedbackpacks:gold_backpack":4,"minecraft:cooked_mutton":83,"minecraft:water_bucket":44,"minecraft:birch_planks":1,"minecraft:baked_potato":16,"minecraft:birch_boat":4,"securitycraft:cobblestone_mine":1,"securitycraft:furnace_mine":1,"minecraft:oak_slab":3,"minecraft:crafting_table":14,"minecraft:white_bed":3,"minecraft:sculk_shrieker":2,"tombstone:bag_of_seeds":4,"minecraft:smoker":1,"irons_spellbooks:alchemist_cauldron":1,"minecraft:wooden_hoe":23,"minecraft:black_wool":2,"minecraft:cornflower":2,"minecraft:diamond_pickaxe":1593,"minecraft:iron_pickaxe":2523,"minecraft:suspicious_stew":1,"minecraft:spruce_trapdoor":1,"minecraft:stone_axe":86,"irons_spellbooks:scroll_forge":1,"minecraft:cobblestone":614,"minecraft:white_banner":1,"minecraft:cooked_porkchop":47,"minecraft:bucket":49,"minecraft:sculk_catalyst":1},"minecraft:killed":{"minecraft:witch":1,"irons_spellbooks:priest":1,"irons_spellbooks:pyromancer":1,"minecraft:spider":32,"minecraft:zombie_horse":1,"minecraft:skeleton":87,"minecraft:fox":1,"minecraft:chicken":4,"minecraft:illusioner":11,"irons_spellbooks:archevoker":2,"minecraft:cat":1,"minecraft:wolf":5,"minecraft:pig":32,"minecraft:salmon":15,"irons_spellbooks:necromancer":3,"minecraft:creeper":21,"minecraft:sheep":75,"minecraft:pillager":38,"irons_spellbooks:summoned_vex":2,"minecraft:zombie":193,"minecraft:cow":53,"minecraft:evoker":11,"minecraft:vex":3,"irons_spellbooks:summoned_zombie":3,"minecraft:vindicator":21,"minecraft:phantom":4,"minecraft:drowned":4,"minecraft:rabbit":5,"minecraft:bat":1,"irons_spellbooks:citadel_keeper":1,"minecraft:ravager":3,"minecraft:squid":6,"minecraft:polar_bear":10,"minecraft:enderman":5},"minecraft:dropped":{"sophisticatedbackpacks:iron_backpack":1,"minecraft:iron_sword":3,"minecraft:brown_mushroom":1,"minecraft:birch_planks":7,"minecraft:lapis_lazuli":12,"minecraft:cooked_beef":19,"minecraft:baked_potato":6,"irons_spellbooks:lightning_bottle":199999997,"minecraft:ender_pearl":7,"minecraft:diamond":3,"minecraft:cooked_porkchop":29,"minecraft:pitcher_pod":2,"minecraft:leather":12,"minecraft:saddle":1,"minecraft:emerald":12,"sophisticatedbackpacks:gold_backpack":1,"minecraft:music_disc_13":1,"minecraft:flint":8,"minecraft:dirt":71,"tombstone:bag_of_seeds":2,"minecraft:dark_oak_fence":1,"minecraft:snowball":2,"irons_spellbooks:arcane_essence":8,"minecraft:wooden_sword":1,"minecraft:amethyst_shard":4,"irons_spellbooks:rotten_spell_book":1,"minecraft:sunflower":7,"minecraft:phantom_membrane":1,"minecraft:sand":4,"minecraft:polished_blackstone_bricks":1,"minecraft:sugar":2,"minecraft:iron_pickaxe":5,"paraglider:paraglider":3,"minecraft:birch_log":4,"minecraft:white_wool":8,"minecraft:gravel":46,"minecraft:oak_door":2,"minecraft:gold_ingot":24,"minecraft:bone":34,"minecraft:goat_horn":1,"minecraft:sugar_cane":22,"minecraft:cooked_chicken":4,"minecraft:cobbled_deepslate":63,"minecraft:birch_sapling":16,"minecraft:obsidian":3,"minecraft:rotten_flesh":138,"minecraft:grindstone":1,"securitycraft:universal_block_modifier":1,"minecraft:oak_planks":14,"minecraft:cooked_mutton":12,"irons_spellbooks:inscription_table":2,"irons_spellbooks:keeper_spawn_egg":1,"minecraft:salmon":3,"waystones:warp_stone":1,"sophisticatedbackpacks:smelting_upgrade":1,"minecraft:gunpowder":1,"irons_spellbooks:conjurers_talisman":1,"minecraft:beetroot_seeds":1,"minecraft:melon_seeds":5,"minecraft:chest":1,"minecraft:arrow":75,"minecraft:glass":8,"minecraft:beef":8,"minecraft:written_book":1,"minecraft:netherrack":12,"irons_spellbooks:poisonward_ring":1,"minecraft:egg":5,"minecraft:water_bucket":3,"minecraft:enchanted_book":1,"minecraft:golden_boots":3,"minecraft:iron_ingot":209,"minecraft:bread":4,"minecraft:oak_slab":2,"minecraft:wheat_seeds":31,"minecraft:black_dye":8,"minecraft:birch_leaves":1,"irons_spellbooks:legendary_ink":99999901,"minecraft:polished_blackstone":1,"minecraft:bookshelf":1,"minecraft:oak_fence":2,"minecraft:feather":8,"minecraft:iron_helmet":1,"minecraft:cobblestone":1798,"irons_spellbooks:evoker_spell_book":2,"minecraft:granite":752,"minecraft:disc_fragment_5":3,"minecraft:grass_block":2,"irons_spellbooks:ancient_knowledge_fragment":1,"minecraft:coal":29,"minecraft:stick":41,"irons_spellbooks:scroll":5,"minecraft:gray_wool":2,"minecraft:milk_bucket":1,"minecraft:diorite":357,"minecraft:sculk_catalyst":1,"tombstone:magic_scroll":1,"minecraft:wooden_hoe":2,"minecraft:torch":31,"irons_spellbooks:evocation_rune":1,"minecraft:brown_wool":2,"tombstone:grave_dust":20,"irons_spellbooks:blood_vial":99999998,"minecraft:iron_leggings":3,"minecraft:heart_of_the_sea":1,"minecraft:iron_axe":3,"minecraft:smooth_stone":1,"minecraft:paper":100000000,"minecraft:string":24,"minecraft:polished_deepslate":5,"minecraft:redstone":78,"minecraft:dandelion":1,"minecraft:furnace":1,"securitycraft:mine":6,"minecraft:kelp":9,"minecraft:stone_sword":1,"minecraft:cocoa_beans":2,"minecraft:raw_copper":13,"minecraft:bowl":1,"minecraft:deepslate":6,"minecraft:tuff":9,"minecraft:raw_iron":10,"minecraft:chicken":2,"minecraft:light_gray_wool":3,"minecraft:iron_boots":3,"minecraft:name_tag":1,"minecraft:white_terracotta":7,"minecraft:torchflower_seeds":1,"minecraft:glass_pane":12,"minecraft:pumpkin_seeds":18,"minecraft:lily_of_the_valley":2,"minecraft:filled_map":4,"minecraft:diamond_sword":2,"minecraft:cobblestone_slab":70,"minecraft:potato":26,"minecraft:stone":12,"minecraft:bundle":5,"minecraft:spruce_planks":1,"minecraft:iron_chestplate":3,"minecraft:andesite":397,"minecraft:golden_leggings":1,"minecraft:oak_sapling":8,"minecraft:stone_bricks":3,"minecraft:spider_eye":18,"minecraft:spruce_log":1,"minecraft:sandstone":264,"sophisticatedbackpacks:copper_backpack":1,"minecraft:bow":4,"minecraft:stone_pickaxe":8,"minecraft:wooden_pickaxe":2,"waystones:waystone":2,"minecraft:nautilus_shell":1,"minecraft:magma_block":1,"minecraft:black_wool":1},"minecraft:killed_by":{"irons_spellbooks:summoned_zombie":1,"minecraft:player":1},"minecraft:mined":{"minecraft:white_bed":1,"minecraft:spruce_planks":1,"minecraft:farmland":1,"sophisticatedbackpacks:gold_backpack":5,"minecraft:spruce_trapdoor":1,"minecraft:obsidian":28,"minecraft:carved_pumpkin":2,"minecraft:granite":500,"minecraft:grass_block":33,"sophisticatedbackpacks:iron_backpack":2,"minecraft:spawner":1,"minecraft:tall_seagrass":2,"irons_spellbooks:scroll_forge":1,"minecraft:polished_blackstone_bricks":1,"minecraft:magma_block":1,"minecraft:sculk_catalyst":3,"minecraft:iron_ore":483,"minecraft:fire":11,"minecraft:cobbled_deepslate":1,"minecraft:pumpkin":2,"minecraft:enchanting_table":1,"minecraft:sculk_shrieker":3,"minecraft:red_tulip":12,"minecraft:pointed_dripstone":1,"minecraft:dirt_path":1,"sophisticatedbackpacks:copper_backpack":1,"minecraft:kelp_plant":1,"irons_spellbooks:alchemist_cauldron":1,"minecraft:smoker":1,"minecraft:amethyst_cluster":1,"minecraft:powder_snow":5,"minecraft:torch":1,"minecraft:blast_furnace":2,"minecraft:glass":2,"minecraft:cobblestone":28,"minecraft:oak_planks":3,"minecraft:sugar_cane":19,"minecraft:grindstone":2,"minecraft:wall_torch":4,"minecraft:deepslate_copper_ore":1,"minecraft:birch_sapling":1,"minecraft:seagrass":3,"minecraft:birch_log":27,"minecraft:blue_ice":5,"minecraft:stone_brick_stairs":1,"minecraft:grass":75,"minecraft:oak_log":197,"minecraft:sand":559,"minecraft:dirt":85,"minecraft:netherrack":17,"minecraft:deepslate":202,"minecraft:oak_leaves":68,"minecraft:diamond_ore":38,"minecraft:crying_obsidian":4,"minecraft:tuff":45,"minecraft:dark_oak_fence":6,"minecraft:kelp":1,"minecraft:sandstone":180,"minecraft:hay_block":22,"minecraft:redstone_ore":4,"minecraft:furnace":3,"minecraft:andesite":400,"minecraft:bookshelf":75,"minecraft:potatoes":18,"minecraft:deepslate_iron_ore":17,"minecraft:rail":8,"minecraft:packed_ice":1,"irons_spellbooks:inscription_table":4,"minecraft:stone":2191,"minecraft:white_wool":2,"minecraft:oak_slab":5,"minecraft:dandelion":1,"minecraft:oak_fence":1,"minecraft:crafting_table":4,"minecraft:sculk_sensor":14,"minecraft:copper_ore":19,"minecraft:tall_grass":12,"minecraft:deepslate_gold_ore":1,"minecraft:lapis_ore":5,"minecraft:sculk":13,"minecraft:diorite":522,"minecraft:birch_planks":1,"minecraft:birch_leaves":7,"minecraft:coal_ore":294,"minecraft:gravel":57,"minecraft:sunflower":10,"minecraft:dripstone_block":1,"minecraft:cobweb":43,"minecraft:cracked_stone_bricks":1,"minecraft:polished_blackstone":1,"minecraft:mossy_stone_bricks":1,"minecraft:gold_ore":5,"minecraft:infested_stone":1,"paraglider:goddess_statue":2},"minecraft:picked_up":{"irons_spellbooks:scroll":6,"minecraft:iron_chestplate":2,"waystones:warp_stone":1,"irons_spellbooks:rotten_spell_book":1,"securitycraft:laser_block":1,"minecraft:diamond_sword":1,"minecraft:oak_stairs":2,"minecraft:enchanted_book":1,"irons_spellbooks:holy_rune":1,"minecraft:nether_brick":7,"minecraft:string":104,"paraglider:goddess_statue":2,"minecraft:raw_copper":65,"minecraft:iron_leggings":1,"minecraft:sculk_shrieker":2,"irons_spellbooks:arcane_essence":63,"minecraft:cobbled_deepslate":194,"minecraft:spruce_planks":1,"minecraft:cobblestone_slab":6,"minecraft:written_book":2,"minecraft:iron_pickaxe":3,"irons_spellbooks:inscription_table":5,"minecraft:iron_boots":1,"minecraft:furnace":5,"minecraft:stick":20,"minecraft:oak_fence":1,"minecraft:torch":29,"minecraft:porkchop":95,"tombstone:grave_dust":62,"minecraft:diorite":439,"irons_spellbooks:fire_rune":1,"minecraft:goat_horn":2,"minecraft:black_dye":2,"minecraft:rotten_flesh":180,"minecraft:red_tulip":11,"minecraft:carved_pumpkin":2,"minecraft:white_terracotta":7,"minecraft:obsidian":36,"minecraft:snowball":6,"minecraft:cobblestone":2925,"minecraft:blaze_powder":1,"minecraft:nautilus_shell":1,"paraglider:paraglider":3,"minecraft:birch_log":34,"minecraft:enchanting_table":1,"minecraft:magma_block":1,"minecraft:feather":8,"minecraft:cooked_beef":1,"minecraft:andesite":448,"minecraft:water_bucket":3,"minecraft:brown_wool":3,"minecraft:potato":61,"minecraft:smoker":1,"minecraft:flint":13,"minecraft:tuff":45,"irons_spellbooks:keeper_flamberge":1,"minecraft:lapis_lazuli":27,"minecraft:dirt":247,"minecraft:disc_fragment_5":3,"securitycraft:reinforced_stone_button":8,"minecraft:glass":1,"minecraft:bone":96,"minecraft:bow":4,"minecraft:wheat_seeds":26,"minecraft:raw_gold":32,"minecraft:grindstone":2,"minecraft:oak_planks":12,"securitycraft:mine":5,"minecraft:cooked_porkchop":4,"minecraft:music_disc_13":1,"minecraft:sand":554,"minecraft:ink_sac":7,"sophisticatedbackpacks:iron_backpack":3,"minecraft:grass_block":4,"minecraft:lily_of_the_valley":2,"minecraft:bundle":6,"minecraft:sugar":2,"tombstone:familiar_stone":1,"minecraft:diamond":39,"waystones:waystone":3,"tombstone:tablet_of_recall":1,"minecraft:crossbow":5,"minecraft:granite":831,"minecraft:golden_apple":1,"minecraft:emerald":10,"minecraft:bread":32,"minecraft:oak_sapling":18,"minecraft:netherrack":12,"irons_spellbooks:uncommon_ink":3,"minecraft:dark_oak_fence":1,"minecraft:oak_leaves":7,"sophisticatedbackpacks:gold_backpack":5,"minecraft:crafting_table":4,"minecraft:chicken":7,"irons_spellbooks:tarnished_helmet":1,"minecraft:brown_mushroom":1,"minecraft:wooden_pickaxe":1,"minecraft:cornflower":2,"minecraft:iron_axe":1,"minecraft:iron_shovel":3,"minecraft:glass_pane":12,"minecraft:beef":127,"minecraft:oak_boat":8,"irons_spellbooks:epic_ink":2,"minecraft:light_gray_wool":13,"irons_spellbooks:lightning_bottle":100000003,"minecraft:spruce_trapdoor":1,"minecraft:sugar_cane":39,"minecraft:chest":2,"minecraft:birch_sapling":20,"minecraft:egg":8,"minecraft:phantom_membrane":2,"minecraft:raw_iron":501,"minecraft:sandstone":428,"minecraft:oak_door":1,"sophisticatedbackpacks:backpack":1,"minecraft:fire_charge":1,"minecraft:polished_blackstone_bricks":1,"minecraft:carrot":2,"minecraft:redstone":103,"irons_spellbooks:alchemist_cauldron":1,"irons_spellbooks:evocation_rune":1,"minecraft:arrow":98,"minecraft:hay_block":22,"minecraft:gold_ingot":12,"tombstone:essence_of_undeath":2,"minecraft:totem_of_undying":5,"sophisticatedbackpacks:copper_backpack":3,"minecraft:polished_blackstone":1,"minecraft:mutton":121,"irons_spellbooks:ancient_knowledge_fragment":1,"minecraft:rail":8,"minecraft:white_wool":74,"minecraft:birch_leaves":1,"minecraft:air":0,"minecraft:glow_ink_sac":2,"minecraft:salmon":3,"minecraft:leather":92,"minecraft:cut_sandstone":40,"minecraft:birch_planks":1,"minecraft:filled_map":4,"minecraft:oak_log":200,"minecraft:golden_boots":3,"securitycraft:keypad_chest":4,"minecraft:gunpowder":17,"minecraft:wooden_hoe":1,"minecraft:paper":2,"minecraft:white_banner":2,"irons_spellbooks:common_ink":9,"sophisticatedbackpacks:upgrade_base":1,"minecraft:stone_bricks":5,"minecraft:kelp":9,"minecraft:heart_of_the_sea":1,"minecraft:iron_ingot":5,"minecraft:stone_pickaxe":9,"minecraft:cooked_chicken":4,"tombstone:bag_of_seeds":9,"irons_spellbooks:cinder_essence":1,"minecraft:iron_sword":10,"minecraft:soul_sand":3,"minecraft:book":222,"minecraft:sculk_catalyst":2,"minecraft:oak_slab":5,"minecraft:milk_bucket":1,"minecraft:birch_boat":2,"minecraft:pumpkin":2,"minecraft:dandelion":1,"minecraft:gravel":71,"minecraft:amethyst_shard":4,"minecraft:blast_furnace":2,"minecraft:spruce_sapling":17,"irons_spellbooks:evoker_spell_book":1,"minecraft:white_bed":1,"minecraft:spruce_log":2,"irons_spellbooks:scroll_forge":1,"minecraft:crying_obsidian":4,"minecraft:spider_eye":20,"minecraft:pumpkin_seeds":8,"minecraft:sculk_sensor":8,"minecraft:iron_helmet":1,"minecraft:gray_wool":2,"securitycraft:universal_block_modifier":1,"tombstone:magic_scroll":11,"minecraft:melon_seeds":1,"minecraft:black_wool":3,"minecraft:coal":340,"minecraft:ender_pearl":14,"minecraft:sunflower":7}},"DataVersion":3465}