{"stats":{"minecraft:mined":{"minecraft:spruce_planks":124,"minecraft:white_bed":8,"minecraft:brewing_stand":1,"minecraft:spruce_trapdoor":7,"minecraft:granite":17,"minecraft:grass_block":48,"minecraft:tall_seagrass":1,"minecraft:iron_ore":187,"minecraft:deepslate_lapis_ore":19,"minecraft:lime_stained_glass_pane":1,"minecraft:pointed_dripstone":3,"minecraft:water_cauldron":4,"minecraft:deepslate_redstone_ore":48,"minecraft:smoker":1,"minecraft:torch":44,"minecraft:blast_furnace":3,"minecraft:poppy":1,"minecraft:chest":5,"minecraft:cobblestone":57,"minecraft:sugar_cane":49,"minecraft:wall_torch":47,"minecraft:seagrass":2,"minecraft:birch_log":163,"minecraft:light_gray_wool":2,"minecraft:grass":75,"minecraft:oak_log":82,"minecraft:sand":81,"minecraft:dirt":232,"minecraft:oak_leaves":62,"minecraft:deepslate":42,"minecraft:tuff":6,"minecraft:deepslate_diamond_ore":8,"minecraft:oak_door":3,"minecraft:spruce_fence":5,"minecraft:spruce_leaves":52,"minecraft:hay_block":78,"minecraft:redstone_ore":4,"minecraft:furnace":5,"minecraft:andesite":76,"minecraft:stripped_spruce_log":1,"minecraft:peony":1,"minecraft:bookshelf":3,"minecraft:potatoes":2,"minecraft:deepslate_iron_ore":170,"minecraft:cobblestone_slab":1,"minecraft:lantern":5,"irons_spellbooks:inscription_table":1,"minecraft:stone":4849,"sophisticatedbackpacks:backpack":1,"minecraft:oak_fence":2,"minecraft:crafting_table":4,"minecraft:emerald_ore":1,"minecraft:rose_bush":18,"minecraft:tall_grass":31,"minecraft:copper_ore":30,"minecraft:lapis_ore":8,"minecraft:deepslate_gold_ore":66,"minecraft:lily_pad":1,"minecraft:green_stained_glass_pane":1,"minecraft:diorite":189,"minecraft:spruce_stairs":36,"minecraft:birch_planks":24,"minecraft:spruce_log":619,"minecraft:birch_leaves":27,"minecraft:purple_concrete":3,"minecraft:coal_ore":278,"minecraft:gravel":237,"minecraft:cobweb":43,"minecraft:stone_bricks":4,"minecraft:gold_ore":3},"minecraft:custom":{"minecraft:interact_with_crafting_table":207,"minecraft:open_barrel":15,"minecraft:leave_game":14,"minecraft:time_since_death":96473,"minecraft:sprint_one_cm":1866688,"minecraft:damage_blocked_by_shield":1875,"minecraft:drop":122,"minecraft:talked_to_villager":5,"minecraft:play_time":926011,"minecraft:deaths":3,"minecraft:jump":12458,"minecraft:walk_on_water_one_cm":127985,"minecraft:interact_with_furnace":113,"minecraft:sleep_in_bed":15,"minecraft:damage_dealt":30448,"minecraft:player_kills":1,"minecraft:crouch_one_cm":146644,"tombstone:undead_killed":73,"minecraft:interact_with_smoker":1,"minecraft:mob_kills":208,"minecraft:climb_one_cm":4229,"minecraft:walk_one_cm":1777692,"minecraft:damage_dealt_absorbed":73,"minecraft:sneak_time":41672,"minecraft:walk_under_water_one_cm":249938,"minecraft:boat_one_cm":957660,"minecraft:interact_with_blast_furnace":45,"minecraft:total_world_time":926011,"tombstone:raider_killed":10,"minecraft:raid_trigger":1,"minecraft:time_since_rest":40790,"minecraft:damage_taken":13932,"minecraft:swim_one_cm":976583,"minecraft:fly_one_cm":3520459,"minecraft:open_chest":346,"minecraft:fall_one_cm":356152},"minecraft:killed":{"minecraft:spider":12,"minecraft:skeleton":26,"minecraft:chicken":13,"irons_spellbooks:summoned_skeleton":1,"minecraft:pig":2,"minecraft:zombie_villager":1,"minecraft:salmon":16,"irons_spellbooks:necromancer":3,"minecraft:creeper":2,"minecraft:sheep":22,"minecraft:pillager":6,"minecraft:zombie":32,"minecraft:cow":47,"irons_spellbooks:summoned_zombie":7,"minecraft:vindicator":1,"minecraft:slime":4,"minecraft:phantom":3,"minecraft:squid":3,"minecraft:enderman":3},"minecraft:used":{"minecraft:iron_shovel":316,"minecraft:chest":33,"minecraft:shield":30,"minecraft:stone":7,"minecraft:iron_sword":170,"minecraft:zombie_spawn_egg":81,"minecraft:rotten_flesh":2,"minecraft:iron_chestplate":1,"minecraft:tuff":5,"minecraft:stripped_spruce_log":1,"minecraft:glass":1,"minecraft:lava_bucket":10,"minecraft:lantern":30,"minecraft:birch_sapling":3,"minecraft:stone_bricks":2,"minecraft:furnace":7,"minecraft:zombie_horse_spawn_egg":2,"minecraft:diorite":1,"minecraft:stone_pickaxe":1964,"immersive_armors:bone_helmet":1,"minecraft:wooden_pickaxe":19,"minecraft:sugar_cane":22,"minecraft:sand":8,"minecraft:blast_furnace":4,"securitycraft:universal_block_remover":1,"minecraft:black_bed":1,"minecraft:purple_concrete_powder":60,"sophisticatedbackpacks:backpack":1,"stalwart_dungeons:nether_hammer":12,"minecraft:bread":197,"minecraft:string":2,"minecraft:gravel":12,"minecraft:andesite":7,"minecraft:oak_boat":30,"minecraft:enchanting_table":1,"minecraft:stone_sword":149,"minecraft:spruce_planks":918,"minecraft:cooked_chicken":2,"minecraft:oak_door":6,"minecraft:torch":626,"minecraft:dirt":284,"minecraft:spruce_stairs":197,"minecraft:golden_shovel":64,"minecraft:spruce_fence":47,"minecraft:granite":9,"minecraft:iron_axe":1094,"securitycraft:reinforced_spruce_stairs":1,"minecraft:iron_boots":1,"securitycraft:sentry":4,"minecraft:light_gray_wool":3,"tombstone:gift":8,"minecraft:cooked_beef":58,"minecraft:cobbled_deepslate":11,"minecraft:iron_leggings":2,"minecraft:cooked_mutton":15,"minecraft:water_bucket":77,"minecraft:birch_planks":308,"minecraft:spruce_fence_gate":4,"securitycraft:scanner_door_item":1,"minecraft:crafting_table":7,"minecraft:white_bed":9,"minecraft:spruce_log":216,"minecraft:smoker":1,"minecraft:wooden_hoe":30,"minecraft:apple":2,"minecraft:chicken":1,"minecraft:iron_pickaxe":4204,"minecraft:leather_helmet":1,"minecraft:spruce_trapdoor":110,"minecraft:spruce_sapling":28,"minecraft:stone_axe":619,"minecraft:cobblestone":457,"minecraft:bucket":89},"minecraft:crafted":{"minecraft:black_dye":1,"minecraft:oak_planks":316,"minecraft:smooth_stone":3,"minecraft:blaze_powder":2,"minecraft:cooked_chicken":2,"minecraft:stone":184,"sophisticatedbackpacks:crafting_upgrade":1,"securitycraft:scanner_door_item":1,"minecraft:cooked_mutton":20,"securitycraft:laser_block":1,"minecraft:glass":17,"minecraft:bow":3,"minecraft:iron_boots":2,"sophisticatedbackpacks:tank_upgrade":1,"tombstone:grave_key":1,"minecraft:chest":33,"minecraft:iron_door":3,"minecraft:ender_eye":1,"minecraft:stone_bricks":136,"sophisticatedbackpacks:backpack":2,"minecraft:crafting_table":6,"minecraft:spruce_planks":1540,"minecraft:wooden_pickaxe":1,"minecraft:iron_helmet":1,"minecraft:birch_planks":624,"sophisticatedbackpacks:upgrade_base":2,"minecraft:spruce_trapdoor":108,"minecraft:wooden_hoe":1,"minecraft:iron_chestplate":2,"minecraft:book":3,"minecraft:paper":9,"minecraft:purple_dye":16,"minecraft:shield":1,"minecraft:stick":316,"minecraft:iron_ingot":366,"minecraft:iron_pickaxe":15,"minecraft:iron_block":14,"minecraft:stone_sword":1,"minecraft:gold_ingot":13,"minecraft:black_bed":1,"minecraft:redstone_torch":4,"minecraft:spruce_fence_gate":4,"minecraft:shears":1,"securitycraft:universal_block_reinforcer_lvl1":1,"minecraft:oak_door":3,"securitycraft:sentry":4,"minecraft:iron_nugget":198,"minecraft:furnace":3,"minecraft:stone_button":36,"minecraft:blast_furnace":1,"securitycraft:retinal_scanner":1,"minecraft:spruce_fence":51,"minecraft:glass_pane":16,"minecraft:lantern":23,"minecraft:spruce_stairs":180,"minecraft:iron_axe":5,"securitycraft:universal_block_remover":1,"minecraft:stone_pickaxe":16,"minecraft:redstone_block":1,"sophisticatedbackpacks:iron_backpack":1,"minecraft:wheat":692,"minecraft:cooked_beef":57,"minecraft:red_dye":35,"securitycraft:portable_radar":4,"paraglider:paraglider":1,"securitycraft:reinforced_dispenser":4,"minecraft:enchanting_table":1,"minecraft:iron_sword":1,"minecraft:golden_shovel":2,"sophisticatedbackpacks:gold_backpack":1,"minecraft:bucket":2,"minecraft:stone_axe":6,"minecraft:bread":231,"minecraft:air":0,"minecraft:blue_dye":8,"minecraft:oak_boat":4,"securitycraft:door_indestructible_iron_item":1,"minecraft:iron_shovel":2,"minecraft:iron_leggings":2,"minecraft:white_bed":2,"minecraft:torch":484,"minecraft:purple_concrete_powder":112},"minecraft:picked_up":{"irons_spellbooks:scroll":3,"minecraft:wheat":1,"minecraft:brewing_stand":1,"minecraft:string":56,"minecraft:raw_copper":67,"irons_spellbooks:arcane_essence":5,"minecraft:cobbled_deepslate":46,"minecraft:bucket":1,"minecraft:spruce_planks":216,"minecraft:red_dye":28,"minecraft:rose_bush":17,"irons_spellbooks:inscription_table":1,"minecraft:furnace":5,"minecraft:stick":16,"minecraft:oak_fence":6,"minecraft:torch":132,"minecraft:spruce_stairs":29,"minecraft:porkchop":2,"minecraft:pointed_dripstone":5,"tombstone:grave_dust":12,"minecraft:diorite":187,"minecraft:cauldron":4,"minecraft:rotten_flesh":22,"minecraft:obsidian":1,"minecraft:cobblestone":8313,"minecraft:birch_log":235,"minecraft:feather":13,"minecraft:cooked_beef":2,"minecraft:andesite":74,"minecraft:smoker":1,"minecraft:potato":2,"minecraft:flint":26,"minecraft:tuff":5,"minecraft:lantern":7,"minecraft:lapis_lazuli":192,"minecraft:dirt":310,"minecraft:glass":2,"minecraft:bone":33,"minecraft:bow":2,"minecraft:wheat_seeds":8,"minecraft:raw_gold":158,"minecraft:oak_planks":1,"minecraft:sand":77,"sophisticatedbackpacks:iron_backpack":1,"minecraft:ink_sac":7,"minecraft:diamond":7,"securitycraft:reinforced_spruce_stairs":1,"minecraft:granite":16,"minecraft:emerald":6,"minecraft:oak_sapling":4,"minecraft:crafting_table":4,"minecraft:chicken":8,"irons_spellbooks:tarnished_helmet":1,"minecraft:shield":1,"minecraft:beef":99,"minecraft:oak_boat":29,"minecraft:poppy":1,"minecraft:light_gray_wool":4,"minecraft:sugar_cane":74,"minecraft:chest":2,"minecraft:birch_sapling":5,"minecraft:spruce_trapdoor":12,"minecraft:phantom_membrane":3,"minecraft:egg":2,"minecraft:raw_iron":369,"securitycraft:reinforced_cobblestone":38,"minecraft:oak_door":6,"minecraft:spruce_fence":14,"sophisticatedbackpacks:backpack":2,"minecraft:redstone":220,"minecraft:arrow":32,"minecraft:hay_block":78,"minecraft:gold_ingot":39,"minecraft:mutton":33,"minecraft:white_wool":34,"minecraft:rail":4,"minecraft:air":0,"minecraft:salmon":1,"minecraft:leather":44,"minecraft:birch_planks":20,"minecraft:oak_log":81,"minecraft:lily_pad":23,"minecraft:gunpowder":2,"irons_spellbooks:common_ink":4,"minecraft:stone_bricks":136,"minecraft:iron_ingot":129,"tombstone:bag_of_seeds":2,"minecraft:purple_concrete":3,"minecraft:book":12,"minecraft:gravel":371,"minecraft:spruce_log":547,"minecraft:spruce_sapling":30,"minecraft:blast_furnace":3,"minecraft:white_bed":8,"securitycraft:reinforced_iron_block":12,"minecraft:spider_eye":2,"minecraft:slime_ball":3,"tombstone:magic_scroll":2,"minecraft:coal":337,"minecraft:purple_concrete_powder":52,"minecraft:ender_pearl":2},"minecraft:broken":{"minecraft:iron_shovel":1,"minecraft:iron_boots":1,"minecraft:iron_chestplate":1,"minecraft:golden_shovel":2,"minecraft:iron_leggings":1,"minecraft:stone_pickaxe":14,"minecraft:stone_axe":5,"immersive_armors:bone_helmet":1,"minecraft:stone_sword":1,"minecraft:iron_axe":5,"minecraft:iron_pickaxe":16},"minecraft:dropped":{"minecraft:cooked_beef":1,"minecraft:oak_log":1,"minecraft:crafting_table":1,"minecraft:leather":6,"minecraft:leather_helmet":1,"tombstone:bag_of_seeds":2,"minecraft:phantom_membrane":3,"minecraft:gold_ingot":19,"minecraft:bone":5,"minecraft:gravel":16,"minecraft:stone_axe":1,"minecraft:cobbled_deepslate":18,"minecraft:obsidian":7,"minecraft:rotten_flesh":10,"minecraft:oak_planks":3,"minecraft:blaze_powder":1,"minecraft:salmon":1,"minecraft:arrow":1,"minecraft:glass":2,"minecraft:egg":2,"minecraft:bread":47,"minecraft:wheat_seeds":7,"minecraft:feather":4,"origins:orb_of_origin":2,"minecraft:diorite":10,"minecraft:string":4,"minecraft:lily_pad":18,"minecraft:bucket":1,"minecraft:spruce_sapling":2,"minecraft:raw_copper":11,"minecraft:light_gray_wool":1,"minecraft:iron_boots":1,"sophisticatedbackpacks:backpack":1,"minecraft:hay_block":1,"minecraft:shield":1,"minecraft:oak_sapling":2,"minecraft:spider_eye":1,"minecraft:bow":1,"minecraft:stone_pickaxe":1,"minecraft:wooden_pickaxe":1,"minecraft:raw_gold":104}},"DataVersion":3465}