{"stats":{"minecraft:custom":{"minecraft:interact_with_crafting_table":87,"minecraft:open_barrel":14,"minecraft:leave_game":13,"minecraft:time_since_death":36342,"minecraft:sprint_one_cm":1275955,"minecraft:drop":1276,"minecraft:talked_to_villager":11,"minecraft:play_time":908675,"minecraft:deaths":21,"minecraft:jump":9685,"minecraft:walk_on_water_one_cm":133965,"minecraft:interact_with_furnace":203,"minecraft:sleep_in_bed":17,"minecraft:waystone_activated":5,"minecraft:damage_dealt":49178,"minecraft:player_kills":2,"minecraft:crouch_one_cm":20150,"tombstone:undead_killed":94,"tombstone:villager_killed":1,"minecraft:mob_kills":371,"minecraft:interact_with_campfire":11,"minecraft:damage_dealt_resisted":84,"minecraft:climb_one_cm":6610,"minecraft:walk_one_cm":2595574,"minecraft:damage_dealt_absorbed":98,"minecraft:sneak_time":11767,"minecraft:walk_under_water_one_cm":65365,"minecraft:boat_one_cm":263295,"minecraft:interact_with_lectern":2,"minecraft:total_world_time":908675,"tombstone:raider_killed":14,"minecraft:interact_with_grindstone":1,"minecraft:time_since_rest":34042,"minecraft:damage_absorbed":10,"minecraft:damage_taken":24769,"tombstone:cast_on_ally":0,"minecraft:swim_one_cm":260949,"minecraft:fly_one_cm":1009441,"minecraft:open_chest":63,"minecraft:fish_caught":23,"minecraft:fall_one_cm":190427},"minecraft:used":{"irons_spellbooks:inscription_table":3,"minecraft:chest":6,"minecraft:rotten_flesh":83,"minecraft:iron_chestplate":1,"paraglider:goddess_statue":5,"minecraft:mutton":22,"minecraft:iron_helmet":1,"minecraft:stone_brick_stairs":1,"minecraft:stone_bricks":2,"minecraft:written_book":2,"minecraft:sweet_berries":38,"minecraft:furnace":19,"minecraft:cooked_cod":16,"minecraft:oak_planks":4,"minecraft:stone_pickaxe":1446,"minecraft:wooden_pickaxe":34,"minecraft:blue_bed":2,"minecraft:golden_apple":1,"minecraft:glow_berries":9,"minecraft:crossbow":40,"minecraft:dripstone_block":2,"waystones:waystone":2,"minecraft:bread":3,"securitycraft:mine":7,"minecraft:diamond_sword":1546,"minecraft:wooden_sword":3,"minecraft:oak_boat":5,"minecraft:experience_bottle":3,"minecraft:stone_sword":131,"minecraft:cooked_salmon":14,"minecraft:cooked_chicken":22,"minecraft:oak_door":3,"minecraft:torch":499,"minecraft:dirt":147,"minecraft:granite":1,"minecraft:wooden_axe":63,"minecraft:iron_axe":254,"minecraft:iron_boots":1,"minecraft:totem_of_undying":1,"minecraft:beef":58,"minecraft:goat_horn":20,"tombstone:gift":7,"minecraft:cooked_beef":37,"minecraft:cobbled_deepslate":16,"minecraft:iron_leggings":1,"minecraft:cooked_mutton":29,"minecraft:polished_andesite":2,"minecraft:cracked_stone_bricks":2,"minecraft:crafting_table":14,"minecraft:white_bed":9,"tombstone:bag_of_seeds":1,"minecraft:oak_log":6,"minecraft:apple":4,"minecraft:chicken":7,"minecraft:iron_pickaxe":1441,"tombstone:magic_scroll":1,"minecraft:stone_axe":372,"minecraft:fishing_rod":40,"minecraft:cobblestone":516,"minecraft:porkchop":11,"minecraft:white_banner":1,"minecraft:cooked_porkchop":39,"tombstone:scroll_of_unstable_intangibility":3},"minecraft:killed":{"minecraft:cave_spider":1,"minecraft:witch":1,"irons_spellbooks:pyromancer":1,"minecraft:spider":22,"minecraft:skeleton":43,"minecraft:chicken":36,"minecraft:wolf":3,"minecraft:pig":45,"minecraft:salmon":31,"irons_spellbooks:necromancer":1,"minecraft:creeper":6,"minecraft:sheep":49,"minecraft:pillager":8,"minecraft:zombie":49,"minecraft:cow":38,"minecraft:evoker":1,"minecraft:vindicator":2,"minecraft:slime":10,"minecraft:phantom":1,"minecraft:wandering_trader":1,"minecraft:frog":1,"minecraft:ravager":1,"minecraft:squid":1,"minecraft:enderman":3},"minecraft:killed_by":{"irons_spellbooks:cryomancer":1,"minecraft:vex":1,"minecraft:player":3},"minecraft:picked_up":{"irons_spellbooks:scroll":3,"minecraft:iron_chestplate":3,"securitycraft:taser":2,"minecraft:lead":1,"minecraft:diamond_sword":4,"minecraft:enchanted_book":1,"minecraft:stone_brick_stairs":7,"paraglider:goddess_statue":4,"minecraft:string":90,"minecraft:raw_copper":106,"minecraft:cooked_salmon":1,"minecraft:iron_leggings":1,"minecraft:armor_stand":2,"minecraft:pufferfish":2,"paraglider:deku_leaf":2,"irons_spellbooks:arcane_essence":7,"minecraft:cobbled_deepslate":147,"minecraft:rose_bush":2,"minecraft:written_book":7,"minecraft:iron_pickaxe":4,"irons_spellbooks:inscription_table":5,"minecraft:iron_boots":1,"minecraft:furnace":11,"minecraft:stick":45,"minecraft:big_dripleaf":1,"minecraft:oak_fence":1,"minecraft:torch":29,"minecraft:porkchop":85,"minecraft:pointed_dripstone":12,"tombstone:grave_dust":25,"minecraft:diorite":12,"irons_spellbooks:fire_rune":1,"minecraft:goat_horn":2,"minecraft:stone_sword":1,"minecraft:rotten_flesh":130,"minecraft:carved_pumpkin":1,"minecraft:obsidian":3,"minecraft:iron_bars":2,"minecraft:cod":16,"minecraft:cobblestone":3786,"paraglider:paraglider":3,"minecraft:birch_log":8,"minecraft:cooked_beef":11,"minecraft:feather":35,"minecraft:lilac":3,"minecraft:iron_door":1,"minecraft:andesite":20,"minecraft:brown_wool":4,"minecraft:potato":3,"paraglider:spirit_orb":8,"minecraft:tuff":7,"minecraft:lapis_lazuli":253,"minecraft:dirt":213,"minecraft:name_tag":1,"minecraft:leather_boots":3,"minecraft:glass":1,"minecraft:bone":55,"minecraft:bow":3,"minecraft:wheat_seeds":15,"minecraft:raw_gold":18,"minecraft:moss_block":3,"minecraft:oak_planks":998,"securitycraft:mine":6,"minecraft:cooked_porkchop":4,"minecraft:sand":267,"sophisticatedbackpacks:iron_backpack":1,"minecraft:grass_block":1,"minecraft:barrel":1,"minecraft:mossy_cobblestone":8,"minecraft:bundle":7,"minecraft:polished_andesite":2,"minecraft:diamond":6,"waystones:waystone":4,"minecraft:crossbow":2,"minecraft:granite":38,"minecraft:bone_meal":1,"minecraft:emerald":19,"minecraft:bread":4,"minecraft:oak_sapling":24,"minecraft:dark_oak_fence":12,"minecraft:fishing_rod":1,"minecraft:charcoal":2,"minecraft:crafting_table":11,"minecraft:chicken":34,"minecraft:leather_leggings":2,"minecraft:brown_mushroom":6,"minecraft:iron_axe":5,"minecraft:cracked_stone_bricks":4,"irons_spellbooks:conjurers_talisman":1,"minecraft:candle":4,"tombstone:scroll_of_unstable_intangibility":1,"minecraft:beef":91,"minecraft:oak_boat":6,"irons_spellbooks:epic_ink":1,"minecraft:light_gray_wool":1,"minecraft:lectern":3,"minecraft:sugar_cane":26,"minecraft:chest":5,"minecraft:birch_sapling":1,"minecraft:spruce_trapdoor":3,"minecraft:phantom_membrane":1,"minecraft:egg":14,"minecraft:raw_iron":300,"minecraft:stone":499,"minecraft:oak_door":5,"minecraft:bowl":1,"minecraft:spruce_fence":1,"minecraft:redstone":193,"minecraft:arrow":74,"minecraft:cooked_cod":16,"minecraft:peony":5,"minecraft:totem_of_undying":1,"tombstone:essence_of_undeath":1,"minecraft:saddle":3,"minecraft:gold_ingot":11,"minecraft:mutton":74,"minecraft:rail":2,"minecraft:white_wool":56,"minecraft:stripped_oak_log":2,"minecraft:salmon":52,"minecraft:leather":47,"minecraft:birch_planks":5,"minecraft:oak_log":561,"minecraft:lily_pad":1,"minecraft:gunpowder":8,"minecraft:blue_bed":2,"minecraft:paper":3,"minecraft:white_banner":1,"irons_spellbooks:rare_ink":1,"minecraft:cooked_mutton":5,"irons_spellbooks:common_ink":4,"minecraft:red_carpet":1,"minecraft:apple":3,"minecraft:stone_bricks":27,"minecraft:iron_ingot":50,"minecraft:stone_pickaxe":10,"minecraft:cooked_chicken":13,"tombstone:bag_of_seeds":2,"minecraft:iron_sword":1,"sophisticatedbackpacks:diamond_backpack":1,"minecraft:oak_slab":18,"minecraft:dark_oak_slab":2,"minecraft:pumpkin":27,"minecraft:sweet_berries":29,"minecraft:dandelion":2,"minecraft:dripstone_block":5,"minecraft:gravel":1,"minecraft:crimson_stairs":2,"minecraft:amethyst_shard":4,"minecraft:white_bed":7,"minecraft:spider_eye":7,"minecraft:leather_helmet":1,"irons_spellbooks:poisonward_ring":1,"minecraft:pumpkin_seeds":8,"minecraft:slime_ball":12,"minecraft:stone_axe":2,"minecraft:iron_helmet":2,"minecraft:gray_wool":6,"securitycraft:universal_block_modifier":1,"tombstone:magic_scroll":1,"minecraft:black_wool":2,"minecraft:coal":568,"minecraft:ender_pearl":2},"minecraft:broken":{"minecraft:stone_pickaxe":8,"minecraft:stone_axe":2,"minecraft:wooden_axe":1,"immersive_armors:bone_chestplate":1,"immersive_armors:warrior_helmet":1,"minecraft:iron_axe":1,"minecraft:iron_pickaxe":5},"minecraft:dropped":{"minecraft:iron_sword":2,"minecraft:candle":11,"minecraft:porkchop":4,"irons_spellbooks:rare_ink":1,"minecraft:cooked_beef":3,"minecraft:oak_log":1,"irons_spellbooks:lightning_bottle":3,"minecraft:glass_bottle":1,"minecraft:cooked_porkchop":3,"minecraft:crossbow":1,"minecraft:iron_horse_armor":1,"minecraft:red_carpet":1,"minecraft:emerald":12,"minecraft:dirt":29,"minecraft:dark_oak_log":6,"minecraft:dark_oak_fence":6,"minecraft:mutton":1,"irons_spellbooks:epic_ink":1,"irons_spellbooks:arcane_essence":40,"irons_spellbooks:rotten_spell_book":1,"minecraft:phantom_membrane":1,"minecraft:sand":255,"minecraft:iron_pickaxe":3,"paraglider:paraglider":4,"minecraft:white_wool":14,"minecraft:gravel":1,"minecraft:stone_axe":2,"minecraft:goat_horn":3,"minecraft:cooked_chicken":10,"minecraft:cobbled_deepslate":27,"minecraft:birch_sapling":1,"minecraft:obsidian":3,"minecraft:pointed_dripstone":12,"tombstone:tablet_of_recall":1,"minecraft:rotten_flesh":47,"securitycraft:taser":2,"securitycraft:universal_block_modifier":1,"minecraft:oak_planks":2686,"minecraft:cooked_mutton":7,"minecraft:white_bed":1,"irons_spellbooks:inscription_table":1,"minecraft:carrot":5,"minecraft:charcoal":2,"minecraft:beetroot_seeds":4,"minecraft:melon_seeds":8,"minecraft:leather_boots":3,"minecraft:arrow":14,"minecraft:beef":2,"minecraft:stone_brick_stairs":1,"minecraft:written_book":7,"minecraft:lectern":1,"minecraft:egg":6,"minecraft:iron_ingot":14,"minecraft:bread":1,"minecraft:oak_slab":12,"minecraft:wheat_seeds":8,"minecraft:mossy_cobblestone":4,"minecraft:dripstone_block":3,"minecraft:iron_helmet":3,"minecraft:feather":2,"minecraft:oak_fence":1,"minecraft:cobblestone":1581,"minecraft:granite":34,"minecraft:grass_block":1,"minecraft:stick":6,"minecraft:crimson_stairs":2,"minecraft:gray_wool":5,"minecraft:diorite":10,"minecraft:torch":3,"minecraft:cooked_salmon":2,"minecraft:iron_door":3,"tombstone:grave_dust":24,"minecraft:iron_leggings":2,"irons_spellbooks:common_ink":11,"minecraft:iron_axe":5,"minecraft:string":1,"minecraft:dandelion":1,"minecraft:raw_copper":1,"minecraft:tuff":4,"minecraft:experience_bottle":4,"irons_spellbooks:uncommon_ink":2,"minecraft:chicken":1,"minecraft:light_gray_wool":1,"minecraft:iron_boots":2,"sophisticatedbackpacks:backpack":1,"minecraft:stripped_oak_log":1,"minecraft:spruce_fence":1,"tombstone:scroll_of_unstable_intangibility":1,"minecraft:pumpkin_seeds":14,"minecraft:lily_of_the_valley":1,"minecraft:diamond_sword":3,"minecraft:potato":3,"minecraft:shield":2,"minecraft:spruce_trapdoor":2,"minecraft:iron_chestplate":4,"sophisticatedbackpacks:magnet_upgrade":7,"minecraft:andesite":12,"minecraft:oak_boat":1,"minecraft:oak_sapling":7,"minecraft:spider_eye":4,"minecraft:stone_bricks":11,"tombstone:essence_of_undeath":1,"minecraft:bow":1,"minecraft:stone_pickaxe":10,"minecraft:raw_gold":3,"minecraft:black_wool":1},"minecraft:crafted":{"minecraft:oak_planks":1880,"securitycraft:mine":9,"minecraft:smooth_stone":3,"immersive_armors:warrior_helmet":1,"minecraft:cooked_chicken":17,"minecraft:cooked_mutton":31,"minecraft:glass":56,"minecraft:bow":1,"minecraft:iron_boots":4,"minecraft:chest":2,"minecraft:iron_door":3,"immersive_armors:bone_chestplate":1,"sophisticatedbackpacks:backpack":1,"minecraft:cooked_porkchop":48,"minecraft:crafting_table":3,"minecraft:wooden_pickaxe":2,"minecraft:iron_helmet":4,"minecraft:copper_ingot":111,"minecraft:iron_chestplate":3,"minecraft:shield":2,"sophisticatedbackpacks:diamond_backpack":1,"minecraft:stick":238,"minecraft:leather_chestplate":1,"minecraft:iron_ingot":205,"minecraft:iron_pickaxe":8,"minecraft:stone_sword":2,"minecraft:shears":1,"minecraft:wooden_sword":1,"minecraft:oak_door":3,"minecraft:stone_shovel":2,"minecraft:fishing_rod":2,"minecraft:furnace":8,"minecraft:iron_axe":2,"minecraft:stone_pickaxe":29,"minecraft:cooked_beef":29,"paraglider:paraglider":1,"securitycraft:universal_block_modifier":1,"minecraft:iron_sword":2,"minecraft:cooked_salmon":16,"minecraft:leather_helmet":1,"securitycraft:taser":1,"sophisticatedbackpacks:gold_backpack":1,"minecraft:stone_axe":3,"minecraft:oak_boat":1,"minecraft:wooden_axe":1,"minecraft:iron_leggings":4,"minecraft:white_bed":3,"minecraft:torch":538},"minecraft:mined":{"securitycraft:mine":7,"minecraft:white_bed":5,"minecraft:spruce_trapdoor":2,"minecraft:cave_vines_plant":1,"minecraft:granite":28,"minecraft:grass_block":87,"minecraft:spawner":4,"minecraft:smooth_stone":1,"minecraft:tall_seagrass":5,"minecraft:iron_ore":209,"minecraft:cobbled_deepslate":4,"minecraft:fire":27,"minecraft:barrel":1,"minecraft:moss_carpet":1,"minecraft:pumpkin":28,"minecraft:deepslate_lapis_ore":30,"minecraft:pointed_dripstone":10,"minecraft:cave_vines":3,"minecraft:water_cauldron":1,"minecraft:iron_bars":2,"minecraft:azalea":1,"minecraft:white_banner":2,"minecraft:deepslate_redstone_ore":36,"minecraft:brown_mushroom":7,"minecraft:amethyst_cluster":1,"minecraft:torch":1,"minecraft:chest":5,"minecraft:cobblestone":33,"minecraft:oak_planks":4,"minecraft:iron_door":2,"minecraft:wall_torch":2,"minecraft:seagrass":5,"minecraft:dark_oak_slab":3,"minecraft:birch_log":7,"minecraft:stone_brick_stairs":10,"minecraft:grass":142,"minecraft:oak_log":570,"minecraft:sand":247,"minecraft:dirt":90,"minecraft:tripwire_hook":1,"minecraft:deepslate":83,"minecraft:oak_leaves":81,"minecraft:tuff":8,"minecraft:mossy_cobblestone":13,"minecraft:deepslate_diamond_ore":6,"minecraft:oak_door":3,"minecraft:dark_oak_fence":6,"minecraft:spruce_fence":1,"minecraft:spruce_leaves":6,"minecraft:moss_block":7,"minecraft:redstone_ore":8,"minecraft:furnace":11,"minecraft:polished_blackstone_button":1,"minecraft:andesite":13,"minecraft:peony":5,"minecraft:deepslate_iron_ore":95,"minecraft:vine":1,"minecraft:stripped_oak_log":2,"irons_spellbooks:inscription_table":4,"minecraft:stone":1678,"minecraft:flowering_azalea":1,"minecraft:stone_brick_slab":2,"minecraft:dandelion":2,"minecraft:crafting_table":11,"minecraft:cornflower":2,"minecraft:rose_bush":1,"minecraft:campfire":2,"minecraft:lectern":1,"minecraft:copper_ore":31,"minecraft:tall_grass":8,"minecraft:deepslate_gold_ore":16,"minecraft:lapis_ore":4,"minecraft:diorite":14,"minecraft:blue_bed":2,"minecraft:birch_planks":2,"minecraft:sweet_berry_bush":11,"minecraft:birch_leaves":4,"minecraft:coal_ore":447,"minecraft:gravel":2,"minecraft:dripstone_block":4,"minecraft:cobweb":62,"minecraft:cracked_stone_bricks":11,"minecraft:stone_bricks":36,"minecraft:gold_ore":1,"minecraft:fern":2,"paraglider:goddess_statue":5}},"DataVersion":3465}