{"stats":{"minecraft:custom":{"minecraft:mob_kills":62,"minecraft:interact_with_crafting_table":35,"minecraft:open_barrel":14,"minecraft:leave_game":5,"minecraft:time_since_death":40975,"minecraft:climb_one_cm":895,"minecraft:sprint_one_cm":649141,"minecraft:walk_one_cm":1407541,"minecraft:damage_blocked_by_shield":3318,"minecraft:drop":29,"minecraft:play_time":496925,"minecraft:deaths":7,"minecraft:sneak_time":4734,"minecraft:walk_under_water_one_cm":21490,"minecraft:jump":5370,"minecraft:walk_on_water_one_cm":66028,"minecraft:total_world_time":496925,"minecraft:interact_with_furnace":33,"tombstone:raider_killed":3,"minecraft:sleep_in_bed":7,"minecraft:time_since_rest":38576,"minecraft:waystone_activated":1,"minecraft:damage_taken":8570,"minecraft:damage_dealt":9921,"minecraft:swim_one_cm":40876,"minecraft:fly_one_cm":745746,"minecraft:open_chest":21,"minecraft:crouch_one_cm":1580,"tombstone:undead_killed":20,"minecraft:fall_one_cm":373692},"minecraft:used":{"minecraft:oak_fence":39,"minecraft:stone_sword":64,"minecraft:iron_shovel":762,"minecraft:stone_shovel":134,"minecraft:poppy":1,"minecraft:chest":4,"minecraft:shield":108,"minecraft:iron_sword":601,"minecraft:wooden_shovel":76,"minecraft:cooked_salmon":19,"minecraft:cooked_chicken":5,"minecraft:oak_door":3,"minecraft:iron_chestplate":1,"minecraft:torch":4,"minecraft:dirt":458,"minecraft:mutton":6,"minecraft:glass":86,"minecraft:wooden_axe":49,"minecraft:iron_axe":152,"minecraft:oak_stairs":84,"minecraft:stone_bricks":17,"minecraft:bow":39,"minecraft:beef":2,"minecraft:goat_horn":5,"tombstone:gift":5,"minecraft:cooked_beef":8,"minecraft:potato":11,"minecraft:iron_leggings":1,"minecraft:cooked_mutton":20,"minecraft:oak_planks":312,"minecraft:wooden_pickaxe":2,"minecraft:oak_slab":788,"minecraft:crafting_table":5,"minecraft:white_bed":2,"minecraft:oak_log":51,"minecraft:chicken":3,"minecraft:bread":2,"minecraft:oak_button":2,"tombstone:magic_scroll":3,"minecraft:oak_pressure_plate":4,"minecraft:iron_door":3,"minecraft:wooden_sword":62,"minecraft:white_banner":1,"minecraft:cooked_porkchop":23,"minecraft:glass_pane":74},"minecraft:killed":{"irons_spellbooks:summoned_zombie":1,"minecraft:spider":6,"minecraft:skeleton":10,"minecraft:chicken":8,"minecraft:pig":6,"minecraft:sheep":14,"minecraft:pillager":3,"minecraft:zombie":9,"minecraft:enderman":1,"minecraft:cow":3},"minecraft:killed_by":{"minecraft:player":2},"minecraft:picked_up":{"minecraft:wooden_axe":1,"minecraft:iron_chestplate":3,"minecraft:chicken":6,"minecraft:wooden_pickaxe":2,"minecraft:oak_stairs":43,"minecraft:enchanted_book":1,"minecraft:shield":2,"sophisticatedbackpacks:magnet_upgrade":1,"minecraft:cornflower":2,"minecraft:string":12,"minecraft:cooked_salmon":1,"minecraft:iron_axe":4,"minecraft:iron_leggings":2,"minecraft:iron_shovel":1,"minecraft:experience_bottle":4,"paraglider:deku_leaf":1,"irons_spellbooks:arcane_essence":2,"minecraft:smooth_stone":1,"minecraft:beef":4,"minecraft:rose_bush":2,"irons_spellbooks:epic_ink":1,"minecraft:wooden_shovel":2,"minecraft:poppy":4,"minecraft:iron_pickaxe":2,"irons_spellbooks:lightning_bottle":1,"minecraft:iron_boots":3,"minecraft:furnace":1,"minecraft:stick":10,"minecraft:copper_ingot":67,"minecraft:oak_fence":34,"minecraft:torch":5,"minecraft:porkchop":12,"tombstone:grave_dust":34,"minecraft:cauldron":1,"minecraft:goat_horn":1,"minecraft:stone_sword":5,"minecraft:arrow":24,"minecraft:rotten_flesh":43,"minecraft:beetroot_seeds":4,"sophisticatedbackpacks:copper_backpack":1,"minecraft:mutton":23,"minecraft:white_wool":20,"minecraft:cobblestone":2793,"minecraft:oxeye_daisy":1,"minecraft:stripped_oak_log":2,"minecraft:birch_log":2,"minecraft:air":0,"minecraft:cooked_beef":8,"minecraft:feather":12,"minecraft:lilac":3,"minecraft:iron_door":4,"minecraft:brown_wool":1,"minecraft:leather":4,"minecraft:potato":26,"minecraft:oak_log":99,"minecraft:gunpowder":1,"minecraft:dirt":965,"minecraft:white_banner":2,"irons_spellbooks:rare_ink":1,"minecraft:cooked_mutton":21,"minecraft:bone":15,"minecraft:bow":1,"minecraft:wheat_seeds":42,"minecraft:iron_ingot":24,"minecraft:stone_pickaxe":5,"minecraft:cooked_chicken":6,"minecraft:iron_sword":4,"minecraft:oak_planks":2213,"minecraft:flowering_azalea":3,"minecraft:oak_slab":91,"securitycraft:mine":3,"minecraft:cooked_porkchop":7,"minecraft:dandelion":6,"minecraft:amethyst_shard":2,"sophisticatedbackpacks:iron_backpack":3,"minecraft:grass_block":1,"minecraft:dark_oak_log":7,"minecraft:mossy_cobblestone":1,"minecraft:bundle":2,"minecraft:pumpkin_seeds":14,"irons_spellbooks:magehunter":1,"minecraft:iron_helmet":2,"minecraft:bread":2,"minecraft:oak_button":2,"tombstone:magic_scroll":2,"minecraft:oak_sapling":4,"minecraft:melon_seeds":7,"minecraft:stripped_dark_oak_log":2},"minecraft:broken":{"minecraft:iron_shovel":3,"minecraft:wooden_shovel":1,"minecraft:iron_boots":1,"minecraft:iron_chestplate":1,"minecraft:iron_leggings":1,"minecraft:shield":1,"minecraft:wooden_sword":1,"minecraft:iron_helmet":1,"minecraft:stone_shovel":1},"minecraft:dropped":{"sophisticatedbackpacks:iron_backpack":1,"minecraft:oak_slab":1,"minecraft:wheat_seeds":2,"irons_spellbooks:lightning_bottle":1,"minecraft:cooked_porkchop":1,"minecraft:cobblestone":2578,"minecraft:leather":3,"minecraft:stick":6,"minecraft:dirt":2,"minecraft:iron_pickaxe":1,"securitycraft:mine":3,"minecraft:stone_sword":2,"minecraft:poppy":2,"minecraft:potato":5,"minecraft:wooden_shovel":1,"sophisticatedbackpacks:copper_backpack":1,"minecraft:stone_pickaxe":2},"minecraft:crafted":{"minecraft:wooden_sword":1,"minecraft:oak_door":3,"minecraft:oak_planks":192,"minecraft:stone_shovel":1,"minecraft:oak_pressure_plate":4,"minecraft:stone":581,"minecraft:glass_pane":80,"minecraft:glass":185,"minecraft:bow":1,"minecraft:chest":4,"minecraft:oak_button":2,"minecraft:stone_bricks":12,"minecraft:oak_fence":39,"minecraft:oak_slab":792,"minecraft:wooden_shovel":2,"minecraft:cooked_porkchop":11,"minecraft:crafting_table":5,"minecraft:wooden_pickaxe":1,"minecraft:iron_helmet":1,"minecraft:iron_sword":1,"minecraft:cooked_salmon":18,"minecraft:shield":1,"minecraft:stick":180,"minecraft:oak_stairs":224,"minecraft:wooden_axe":1,"minecraft:iron_shovel":4,"minecraft:white_bed":2},"minecraft:mined":{"minecraft:red_carpet":1,"minecraft:oak_door":2,"minecraft:carved_pumpkin":1,"minecraft:grass_block":657,"sophisticatedbackpacks:iron_backpack":1,"minecraft:oxeye_daisy":1,"minecraft:oak_trapdoor":1,"minecraft:fire":7,"minecraft:dirt_path":1,"minecraft:oak_stairs":7,"minecraft:stripped_oak_log":4,"minecraft:stone":1,"minecraft:oak_slab":20,"minecraft:flowering_azalea":2,"minecraft:amethyst_cluster":1,"minecraft:stripped_dark_oak_log":2,"minecraft:dandelion":9,"minecraft:oak_fence":1,"minecraft:cornflower":3,"minecraft:torch":5,"minecraft:poppy":2,"minecraft:rose_bush":3,"minecraft:tall_grass":14,"minecraft:oak_planks":26,"minecraft:big_dripleaf":1,"minecraft:lilac":1,"minecraft:birch_leaves":8,"minecraft:grass":159,"minecraft:oak_log":105,"minecraft:dirt":350,"minecraft:oak_button":2,"minecraft:oak_leaves":20,"minecraft:fern":2}},"DataVersion":3465}